Workbook

Sheet PRECIOS
A1: Date | B1: CMIG4.SA | C1: OIBR4.SA
A2: 42005 | B2: 7.65052 | C2: 50.099998
A3: 42036 | B3: 8.337847 | C3: 59.5
A4: 42064 | B4: 8.235069 | C4: 51.099998
A5: 42095 | B5: 9.346354 | C5: 56.700001
A6: 42125 | B6: 9.10868 | C6: 70.800003
A7: 42156 | B7: 7.618402 | C7: 58.799999
A8: 42186 | B8: 6.063889 | C8: 48.299999
A9: 42217 | B9: 4.830555 | C9: 27.200001
A10: 42248 | B10: 4.490104 | C10: 27.9
A11: 42278 | B11: 4.599305 | C11: 21.200001
A12: 42309 | B12: 4.239583 | C12: 17.6
A13: 42339 | B13: 3.937673 | C13: 19.5
... A98: 44927 | B98: 11.46 | C98: 5.2

Sheet RETORNOS
A2: Date | B2: CMIG4.SA | C2: RETORNO SIMPLE | D2: RETORNO LN | F2: Date | G2: OIBR4.SA | H2: RETORNO SIMPLE | I2: RETORNO LN
A3: 42005 | B3: 7.65052 | F3: 42005 | G3: 50.099998
A4: 42036 | B4: 8.337847 | C4: =(B4-B3)/B3 -> 0.08984056 | D4: =LN(B4/B3) -> 0.08603141 | F4: 42036 | G4: 59.5 | H4: =(G4-G3)/G3 -> 0.1876248 | I4: =LN(G4/G3) -> 0.17195534
A5: 42064 | B5: 8.235069 | C5: =(B5-B4)/B4 -> -0.012326683 | D5: =LN(B5/B4) -> -0.012403287 | F5: 42064 | G5: 51.099998 | H5: =(G5-G4)/G4 -> -0.1411765 | I5: =LN(G5/G4) -> -0.15219185
A6: 42095 | B6: 9.346354 | C6: =(B6-B5)/B5 -> 0.13494544 | D6: =LN(B6/B5) -> 0.12658458 | F6: 42095 | G6: 56.700001 | H6: =(G6-G5)/G5 -> 0.1095891 | I6: =LN(G6/G5) -> 0.10398977
A7: 42125 | B7: 9.10868 | C7: =(B7-B6)/B6 -> -0.025429595 | D7: =LN(B7/B6) -> -0.025758516 | F7: 42125 | G7: 70.800003 | H7: =(G7-G6)/G6 -> 0.24867728 | I7: =LN(G7/G6) -> 0.22208481
A8: 42156 | B8: 7.618402 | C8: =(B8-B7)/B7 -> -0.16361075 | D8: =LN(B8/B7) -> -0.17866117 | F8: 42156 | G8: 58.799999 | H8: =(G8-G7)/G7 -> -0.16949157 | I8: =LN(G8/G7) -> -0.18571721
A9: 42186 | B9: 6.063889 | C9: =(B9-B8)/B8 -> -0.20404712 | D9: =LN(B9/B8) -> -0.22821529 | F9: 42186 | G9: 48.299999 | H9: =(G9-G8)/G8 -> -0.17857143 | I9: =LN(G9/G8) -> -0.1967103
A10: 42217 | B10: 4.830555 | C10: =(B10-B9)/B9 -> -0.20338994 | D10: =LN(B10/B9) -> -0.22738998 | F10: 42217 | G10: 27.200001 | H10: =(G10-G9)/G9 -> -0.43685297 | I10: =LN(G10/G9) -> -0.57421453
A11: 42248 | B11: 4.490104 | C11: =(B11-B10)/B10 -> -0.070478651 | D11: =LN(B11/B10) -> -0.073085504 | F11: 42248 | G11: 27.9 | H11: =(G11-G10)/G10 -> 0.025735256 | I11: =LN(G11/G10) -> 0.025409679
A12: 42278 | B12: 4.599305 | C12: =(B12-B11)/B11 -> 0.024320372 | D12: =LN(B12/B11) -> 0.024029341 | F12: 42278 | G12: 21.200001 | H12: =(G12-G11)/G11 -> -0.24014333 | I12: =LN(G12/G11) -> -0.27462546
A13: 42309 | B13: 4.239583 | C13: =(B13-B12)/B12 -> -0.078212252 | D13: =LN(B13/B12) -> -0.08144029 | F13: 42309 | G13: 17.6 | H13: =(G13-G12)/G12 -> -0.16981136 | I13: =LN(G13/G12) -> -0.18610233
A14: 42339 | B14: 3.937673 | C14: =(B14-B13)/B13 -> -0.071212192 | D14: =LN(B14/B13) -> -0.073874976 | F14: 42339 | G14: 19.5 | H14: =(G14-G13)/G13 -> 0.10795455 | I14: =LN(G14/G13) -> 0.10251556
A15: 42370 | B15: 3.796354 | C15: =(B15-B14)/B14 -> -0.035888963 | D15: =LN(B15/B14) -> -0.036548807 | F15: 42370 | G15: 16.5 | H15: =(G15-G14)/G14 -> -0.15384615 | I15: =LN(G15/G14) -> -0.16705408
... A99: 44927 | B99: 11.46 | C99: =(B99-B98)/B98 -> 0.028725314 | D99: =LN(B99/B98) -> 0.028320477 | F99: 44927 | G99: 5.2 | H99: =(G99-G98)/G98 -> 0.019607843 | I99: =LN(G99/G98) -> 0.019418086
A101: RETORNO PROMEDIO MENSUAL | C101: =AVERAGE(C4:C99) -> 0.011695708 | D101: =AVERAGE(D4:D99) -> 0.0042092614 | F101: RETORNO PROMEDIO MENSUAL | H101: =AVERAGE(H4:H99) -> -0.003753813 | I101: =AVERAGE(I4:I99) -> -0.023597524
A102: VARIANZA | C102: =_xlfn.VAR.S(C4:C99) -> 0.015763319 | D102: =_xlfn.VAR.S(D4:D99) -> 0.014933313 | F102: VARIANZA | H102: =_xlfn.VAR.S(H4:H99) -> 0.046486022 | I102: =_xlfn.VAR.S(I4:I99) -> 0.037891113
A103: DESVIACION ESTANDAR | C103: =SQRT(C102) -> 0.12555206 | D103: =SQRT(D102) -> 0.12220193 | F103: DESVIACION ESTANDAR | H103: =SQRT(H102) -> 0.21560617 | I103: =SQRT(I102) -> 0.1946564
A106: PASEO ALEATORIO 36 MESES SIGUIENTES
A108: 44958 | B108: =B99*EXP(C108) -> 11.570738 | C108: =_xlfn.NORM.INV(RAND(),$C$101,$C$103) -> 0.0096165727 | F108: 44958 | G108: =G99*EXP(H108) -> 5.4831558 | H108: =_xlfn.NORM.INV(RAND(),$H$101,$H$103) -> 0.053022183
A109: 44986 | B109: =B108*EXP(C109) -> 10.191289 | C109: =_xlfn.NORM.INV(RAND(),$C$101,$C$103) -> -0.12694594 | F109: 44986 | G109: =G108*EXP(H109) -> 4.1662628 | H109: =_xlfn.NORM.INV(RAND(),$H$101,$H$103) -> -0.27466138
A110: 45017 | B110: =B101*EXP(C110) -> 0 | C110: =_xlfn.NORM.INV(RAND(),$C$101,$C$103) -> 0.070329661 | F110: 45017 | G110: =G109*EXP(H110) -> 3.8286937 | H110: =_xlfn.NORM.INV(RAND(),$H$101,$H$103) -> -0.084495757
A111: 45047 | B111: =B102*EXP(C111) -> 0 | C111: =_xlfn.NORM.INV(RAND(),$C$101,$C$103) -> 0.038653346 | F111: 45047 | G111: =G110*EXP(H111) -> 3.5763973 | H111: =_xlfn.NORM.INV(RAND(),$H$101,$H$103) -> -0.068167707
A112: 45078 | B112: =B103*EXP(C112) -> 0 | C112: =_xlfn.NORM.INV(RAND(),$C$101,$C$103) -> 0.035580019 | F112: 45078 | G112: =G111*EXP(H112) -> 3.3217248 | H112: =_xlfn.NORM.INV(RAND(),$H$101,$H$103) -> -0.073871781
A113: 45108 | B113: =B104*EXP(C113) -> 0 | C113: =_xlfn.NORM.INV(RAND(),$C$101,$C$103) -> 0.32824562 | F113: 45108 | G113: =G112*EXP(H113) -> 3.9484012 | H113: =_xlfn.NORM.INV(RAND(),$H$101,$H$103) -> 0.17282656
A114: 45139 | B114: =B105*EXP(C114) -> 0 | C114: =_xlfn.NORM.INV(RAND(),$C$101,$C$103) -> -0.056416521 | F114: 45139 | G114: =G113*EXP(H114) -> 3.1964531 | H114: =_xlfn.NORM.INV(RAND(),$H$101,$H$103) -> -0.21126895
A115: 45170 | B115: =B106*EXP(C115) -> 0 | C115: =_xlfn.NORM.INV(RAND(),$C$101,$C$103) -> 0.010681483 | F115: 45170 | G115: =G114*EXP(H115) -> 3.3154151 | H115: =_xlfn.NORM.INV(RAND(),$H$101,$H$103) -> 0.036541045
A116: 45200 | B116: =B107*EXP(C116) -> 0 | C116: =_xlfn.NORM.INV(RAND(),$C$101,$C$103) -> -0.30168161 | F116: 45200 | G116: =G115*EXP(H116) -> 2.797346 | H116: =_xlfn.NORM.INV(RAND(),$H$101,$H$103) -> -0.16991174
A117: 45231 | B117: =B108*EXP(C117) -> 12.596498 | C117: =_xlfn.NORM.INV(RAND(),$C$101,$C$103) -> 0.084939548 | F117: 45231 | G117: =G116*EXP(H117) -> 2.6158309 | H117: =_xlfn.NORM.INV(RAND(),$H$101,$H$103) -> -0.067089291
A118: 45261 | B118: =B109*EXP(C118) -> 9.2667737 | C118: =_xlfn.NORM.INV(RAND(),$C$101,$C$103) -> -0.095098066 | F118: 45261 | G118: =G117*EXP(H118) -> 1.7846563 | H118: =_xlfn.NORM.INV(RAND(),$H$101,$H$103) -> -0.38235598
A119: 45292 | B119: =B110*EXP(C119) -> 0 | C119: =_xlfn.NORM.INV(RAND(),$C$101,$C$103) -> 0.043198379 | F119: 45292 | G119: =G118*EXP(H119) -> 1.786064 | H119: =_xlfn.NORM.INV(RAND(),$H$101,$H$103) -> 0.00078850832
A120: 45323 | B120: =B111*EXP(C120) -> 0 | C120: =_xlfn.NORM.INV(RAND(),$C$101,$C$103) -> 0.14354127 | F120: 45323 | G120: =G119*EXP(H120) -> 2.5621954 | H120: =_xlfn.NORM.INV(RAND(),$H$101,$H$103) -> 0.36085012
A121: 45352 | B121: =B112*EXP(C121) -> 0 | C121: =_xlfn.NORM.INV(RAND(),$C$101,$C$103) -> 0.023563223 | F121: 45352 | G121: =G120*EXP(H121) -> 2.7598418 | H121: =_xlfn.NORM.INV(RAND(),$H$101,$H$103) -> 0.074308897
... A143: 46023 | B143: =B134*EXP(C143) -> 0 | C143: =_xlfn.NORM.INV(RAND(),$C$101,$C$103) -> 0.033153454 | F143: 46023 | G143: =G142*EXP(H143) -> 1.4431873 | H143: =_xlfn.NORM.INV(RAND(),$H$101,$H$103) -> 0.078113984

Sheet ESCENARIOS
B2: CMIG4.SA | C2: ESCENARIO 1 | D2: ESCENARIO 2 | E2: ESCENARIO 3 | F2: ESCENARIO 4 | G2: ESCENARIO 5 | I2: OIBR4.SA | J2: ESCENARIO 1 | K2: ESCENARIO 2 | L2: ESCENARIO 3 | M2: ESCENARIO 4 | N2: ESCENARIO 5
B3: 44958 | C3: 0.1826844 | D3: 0.10514935 | E3: -0.0061009986 | F3: -0.048143283 | G3: 0.055925411 | I3: 44958 | J3: -0.20042826 | K3: -0.029050623 | L3: -0.41398766 | M3: 0.3012492 | N3: -0.0048797066
B4: 44986 | C4: 0.020368679 | D4: 0.10935854 | E4: -0.051261689 | F4: -0.10226637 | G4: 0.092426419 | I4: 44986 | J4: -0.20893256 | K4: 0.33755913 | L4: 0.14859396 | M4: 0.25346818 | N4: -0.08263852
B5: 45017 | C5: -0.018177519 | D5: -0.071247956 | E5: -0.17040151 | F5: -0.052255084 | G5: 0.075830145 | I5: 45017 | J5: -0.18037002 | K5: 0.33509824 | L5: -0.272453 | M5: -0.09333801 | N5: -0.032957657
B6: 45047 | C6: -0.048940912 | D6: -0.0022268022 | E6: -0.0094170263 | F6: 0.042893764 | G6: -0.016352084 | I6: 45047 | J6: -0.13975647 | K6: -0.16407446 | L6: -0.3254867 | M6: 0.25903068 | N6: -0.11615078
B7: 45078 | C7: 0.096232076 | D7: 0.11401494 | E7: 0.12575348 | F7: 0.12063843 | G7: 0.029074055 | I7: 45078 | J7: -0.13647177 | K7: 0.14812874 | L7: 0.035161271 | M7: -0.065896607 | N7: -0.067548885
B8: 45108 | C8: 0.1929539 | D8: -0.096832902 | E8: -0.16214364 | F8: -0.043014957 | G8: -0.040741872 | I8: 45108 | J8: 0.42355507 | K8: -0.17158778 | L8: 0.062309769 | M8: 0.39841475 | N8: 0.33295991
B9: 45139 | C9: -0.18487763 | D9: -0.099055296 | E9: 0.16101792 | F9: -0.10958068 | G9: 0.1477915 | I9: 45139 | J9: -0.045716307 | K9: 0.31713569 | L9: 0.049098894 | M9: -0.082215217 | N9: -0.1106324
B10: 45170 | C10: 0.08038274 | D10: -0.10341698 | E10: 0.1341964 | F10: 0.12741784 | G10: -0.36707681 | I10: 45170 | J10: 0.12903158 | K10: -0.19712566 | L10: 0.011460963 | M10: -0.10533045 | N10: -0.20067827
B11: 45200 | C11: 0.028686092 | D11: 0.043250598 | E11: 0.18847028 | F11: -0.024333939 | G11: 0.11270841 | I11: 45200 | J11: -0.11093094 | K11: -0.39987331 | L11: -0.13559575 | M11: 0.059411602 | N11: -0.32523571
B12: 45231 | C12: -0.021668608 | D12: 0.26719477 | E12: -0.31021642 | F12: -0.11940097 | G12: 0.16661931 | I12: 45231 | J12: 0.15928364 | K12: -0.071627006 | L12: -0.2314257 | M12: -0.061114779 | N12: 0.080133102
B13: 45261 | C13: -0.12781162 | D13: 0.021409194 | E13: 0.14607601 | F13: -0.11893804 | G13: 0.0021835731 | I13: 45261 | J13: -0.091883534 | K13: 0.41069961 | L13: -0.15463654 | M13: 0.075156167 | N13: -0.17178876
B14: 45292 | C14: -0.023833601 | D14: -0.15604077 | E14: 0.11967573 | F14: -0.14262473 | G14: 0.051939838 | I14: 45292 | J14: -0.031460288 | K14: 0.0080235572 | L14: 0.052282857 | M14: -0.20924433 | N14: -0.051818536
... B38: 46023 | C38: -0.17223494 | D38: -0.040699892 | E38: 0.0012968431 | F38: -0.22096311 | G38: 0.10451693 | I38: 46023 | J38: -0.15723911 | K38: 0.23305895 | L38: -0.32863488 | M38: -0.032508128 | N38: -0.20869921

Sheet RETORNOS ANUALES LN
B2: CMIG4.SA | G2: OIBR4.SA
B3: PERIODO | C3: RETORNO ANUAL LN | G3: PERIODO | H3: RETORNO ANUAL LN
B4: 2015 | C4: =SUM(RETORNOS!D4:D15) -> -0.70073249 | G4: 2015 | H4: =SUM(RETORNOS!I4:I15) -> -1.1106606
B5: 2016 | C5: =SUM(RETORNOS!D16:D27) -> 0.4360145 | G5: 2016 | H5: =SUM(RETORNOS!I16:I27) -> 0.66237552
B6: 2017 | C6: =SUM(RETORNOS!D28:D39) -> -0.16665129 | G6: 2017 | H6: =SUM(RETORNOS!I28:I39) -> 0.11778304
B7: 2018 | C7: =SUM(RETORNOS!D40:D51) -> 0.61338231 | G7: 2018 | H7: =SUM(RETORNOS!I40:I51) -> -0.98826423
B8: 2019 | C8: =SUM(RETORNOS!D52:D63) -> 0.076426157 | G8: 2019 | H8: =SUM(RETORNOS!I52:I63) -> 0.0074349785
B9: 2020 | C9: =SUM(RETORNOS!D64:D75) -> -0.047007928 | G9: 2020 | H9: =SUM(RETORNOS!I64:I75) -> 0.67822153
B10: 2021 | C10: =SUM(RETORNOS!D76:D87) -> 0.066330542 | G10: 2021 | H10: =SUM(RETORNOS!I76:I87) -> -0.41871033
B11: 2022 | C11: =SUM(RETORNOS!D88:D99) -> 0.12632729 | G11: 2022 | H11: =SUM(RETORNOS!I88:I99) -> -1.2135423
B13: E (R) ANUAL | C13: =AVERAGE(C4:C11) -> 0.050511136 | G13: E (R) ANUAL | H13: =AVERAGE(H4:H11) -> -0.28317029
B14: VAR (R) ANUAL | C14: =_xlfn.VAR.S(C4:C11) -> 0.15616331 | G14: VAR (R) ANUAL | H14: =_xlfn.VAR.S(H4:H11) -> 0.58991527
B15: SD (R) ANUAL | C15: =SQRT(C14) -> 0.39517504 | G15: SD (R) ANUAL | H15: =SQRT(H14) -> 0.76805942
B18: ERROR ESTANDAR | C18: =C15/(SQRT(8)) -> 0.13971548 | G18: ERROR ESTANDAR | H18: =H15/(SQRT(8)) -> 0.27155001
B20: INTERVALO DE CONFIANZA AL 95% (Z= 1,96) | C20: =C13+(1.96*C18) -> 0.32435347 | G20: INTERVALO DE CONFIANZA AL 95% (Z= 1,96) | H20: =H13+(1.96*H18) -> 0.24906773
C21: =C13-(1.96*C18) -> -0.2233312 | H21: =H13-(1.96*H18) -> -0.81540831
