Workbook

Sheet Comparación
A1: Riesgo y retorno: CMIG4 vs OIBR4
B3: CMIG4 | C3: OIBR4 | E3: CMIG4 tuvo más retorno y menos riesgo que OIBR4 en los dos horizontes: 1,17% contra −0,38% de retorno mensual, con desviaciones de 12,56% y 21,56%. En el plano riesgo-retorno, CMIG4 domina a OIBR4, así que un inversionista con aversión al riesgo preferiría CMIG4. La correlación mensual es 0,46: se mueven parcialmente juntas (ambas cayeron fuerte en 2015 y en marzo de 2020), por lo que combinarlas diversificaría solo en parte. Como referencia, el IPSA tuvo 0,50% de retorno y 4,78% de desviación mensual (2010-2025): las dos acciones son entre 2,6 y 4,5 veces más riesgosas, aunque el período y la moneda (reales) son distintos.
A4: Retorno esperado mensual (simple) | B4: ='CMIG4 Mensual'!H3 | C4: ='OIBR4 Mensual'!H3
A5: SD mensual (simple) | B5: ='CMIG4 Mensual'!H5 | C5: ='OIBR4 Mensual'!H5
A6: Retorno esperado mensual (ln) | B6: ='CMIG4 Mensual'!I3 | C6: ='OIBR4 Mensual'!I3
A7: SD mensual (ln) | B7: ='CMIG4 Mensual'!I5 | C7: ='OIBR4 Mensual'!I5
A8: Retorno esperado anual (simple) | B8: ='CMIG4 Anual'!C13 | C8: ='OIBR4 Anual'!C13
A9: SD anual (simple) | B9: ='CMIG4 Anual'!C15 | C9: ='OIBR4 Anual'!C15
A10: Retorno esperado anual (ln) | B10: ='CMIG4 Anual'!D13 | C10: ='OIBR4 Anual'!D13
A11: SD anual (ln) | B11: ='CMIG4 Anual'!D15 | C11: ='OIBR4 Anual'!D15
A12: Correlación de retornos mensuales | B12: =CORREL('CMIG4 Mensual'!C5:C100,'OIBR4 Mensual'!C5:C100)

Sheet CMIG4 Mensual
A1: Indicadores bursátiles — CMIG4
H2: Simple | I2: LN
A3: Periodo | B3: Precio CMIG4 (BRL) | C3: Retorno simple | D3: Retorno +1 | E3: Retorno LN | G3: Retorno promedio mensual | H3: =AVERAGE(C5:C100) | I3: =AVERAGE(E5:E100) | K3: Resultados mensuales (feb-2015 a ene-2023, 96 meses; precios en reales). El retorno esperado mensual de CMIG4 (Cemig) es 1,17% en base simple y 0,42% en base ln. El riesgo mensual, medido con la desviación estándar, es 12,56% en base simple (varianza 0,01576) y 12,22% en base ln (varianza 0,01493). Un mes típico se aleja unos 12,6 puntos del promedio, por lo que la mayoría de los meses queda entre −11,4% y +13,7%. A diferencia del IPSA, las dos bases se separan (1,17% contra 0,42%): con retornos tan volátiles, la media simple supera a la ln en cerca de la mitad de la varianza. Paseo aleatorio: se proyectan 36 meses desde ene-2023 (R$ 11,46), sorteando cada retorno con una Normal de media 1,17% y desviación estándar 12,56%. Es una trayectoria posible entre muchas, no un pronóstico.
A4: 42005 | B4: 7.65052 | G4: Var | H4: =_xlfn.VAR.S(C5:C100) | I4: =_xlfn.VAR.S(E5:E100)
A5: 42036 | B5: 8.337847 | C5: =(B5-B4)/B4 | D5: =C5+1 | E5: =LN(B5/B4) | G5: SD | H5: =SQRT(H4) | I5: =SQRT(I4)
A6: 42064 | B6: 8.235069 | C6: =(B6-B5)/B5 | D6: =C6+1 | E6: =LN(B6/B5)
A7: 42095 | B7: 9.346354 | C7: =(B7-B6)/B6 | D7: =C7+1 | E7: =LN(B7/B6)
A8: 42125 | B8: 9.10868 | C8: =(B8-B7)/B7 | D8: =C8+1 | E8: =LN(B8/B7) | G8: Paseo aleatorio
A9: 42156 | B9: 7.618402 | C9: =(B9-B8)/B8 | D9: =C9+1 | E9: =LN(B9/B8) | G9: Mes | H9: Precio simulado | I9: Retorno simulado
A10: 42186 | B10: 6.063889 | C10: =(B10-B9)/B9 | D10: =C10+1 | E10: =LN(B10/B9) | G10: 44958 | H10: =B100*EXP(I10) | I10: =_xlfn.NORM.INV(RAND(),$H$3,$H$5)
A11: 42217 | B11: 4.830555 | C11: =(B11-B10)/B10 | D11: =C11+1 | E11: =LN(B11/B10) | G11: 44986 | H11: =H10*EXP(I11) | I11: =_xlfn.NORM.INV(RAND(),$H$3,$H$5)
A12: 42248 | B12: 4.490104 | C12: =(B12-B11)/B11 | D12: =C12+1 | E12: =LN(B12/B11) | G12: 45017 | H12: =H11*EXP(I12) | I12: =_xlfn.NORM.INV(RAND(),$H$3,$H$5)
A13: 42278 | B13: 4.599305 | C13: =(B13-B12)/B12 | D13: =C13+1 | E13: =LN(B13/B12) | G13: 45047 | H13: =H12*EXP(I13) | I13: =_xlfn.NORM.INV(RAND(),$H$3,$H$5)
A14: 42309 | B14: 4.239583 | C14: =(B14-B13)/B13 | D14: =C14+1 | E14: =LN(B14/B13) | G14: 45078 | H14: =H13*EXP(I14) | I14: =_xlfn.NORM.INV(RAND(),$H$3,$H$5)
A15: 42339 | B15: 3.937673 | C15: =(B15-B14)/B14 | D15: =C15+1 | E15: =LN(B15/B14) | G15: 45108 | H15: =H14*EXP(I15) | I15: =_xlfn.NORM.INV(RAND(),$H$3,$H$5)
A16: 42370 | B16: 3.796354 | C16: =(B16-B15)/B15 | D16: =C16+1 | E16: =LN(B16/B15) | G16: 45139 | H16: =H15*EXP(I16) | I16: =_xlfn.NORM.INV(RAND(),$H$3,$H$5)
A17: 42401 | B17: 3.770659 | C17: =(B17-B16)/B16 | D17: =C17+1 | E17: =LN(B17/B16) | G17: 45170 | H17: =H16*EXP(I17) | I17: =_xlfn.NORM.INV(RAND(),$H$3,$H$5)
A18: 42430 | B18: 5.196701 | C18: =(B18-B17)/B17 | D18: =C18+1 | E18: =LN(B18/B17) | G18: 45200 | H18: =H17*EXP(I18) | I18: =_xlfn.NORM.INV(RAND(),$H$3,$H$5)
A19: 42461 | B19: 4.400173 | C19: =(B19-B18)/B18 | D19: =C19+1 | E19: =LN(B19/B18) | G19: 45231 | H19: =H18*EXP(I19) | I19: =_xlfn.NORM.INV(RAND(),$H$3,$H$5)
A20: 42491 | B20: 3.616493 | C20: =(B20-B19)/B19 | D20: =C20+1 | E20: =LN(B20/B19) | G20: 45261 | H20: =H19*EXP(I20) | I20: =_xlfn.NORM.INV(RAND(),$H$3,$H$5)
A21: 42522 | B21: 4.676388 | C21: =(B21-B20)/B20 | D21: =C21+1 | E21: =LN(B21/B20) | G21: 45292 | H21: =H20*EXP(I21) | I21: =_xlfn.NORM.INV(RAND(),$H$3,$H$5)
A22: 42552 | B22: 5.839062 | C22: =(B22-B21)/B21 | D22: =C22+1 | E22: =LN(B22/B21) | G22: 45323 | H22: =H21*EXP(I22) | I22: =_xlfn.NORM.INV(RAND(),$H$3,$H$5)
... A45: 43252 | B45: 4.837392 | C45: =(B45-B44)/B44 | D45: =C45+1 | E45: =LN(B45/B44) | G45: 46023 | H45: =H44*EXP(I45) | I45: =_xlfn.NORM.INV(RAND(),$H$3,$H$5)
A46: 43282 | B46: 5.453663 | C46: =(B46-B45)/B45 | D46: =C46+1 | E46: =LN(B46/B45)
A47: 43313 | B47: 4.943417 | C47: =(B47-B46)/B46 | D47: =C47+1 | E47: =LN(B47/B46)
A48: 43344 | B48: 4.74462 | C48: =(B48-B47)/B47 | D48: =C48+1 | E48: =LN(B48/B47)
A49: 43374 | B49: 7.309101 | C49: =(B49-B48)/B48 | D49: =C49+1 | E49: =LN(B49/B48)
A50: 43405 | B50: 8.422364 | C50: =(B50-B49)/B49 | D50: =C50+1 | E50: =LN(B50/B49)
A51: 43435 | B51: 9.184419 | C51: =(B51-B50)/B50 | D51: =C51+1 | E51: =LN(B51/B50)
A52: 43466 | B52: 9.177792 | C52: =(B52-B51)/B51 | D52: =C52+1 | E52: =LN(B52/B51)
A53: 43497 | B53: 9.542253 | C53: =(B53-B52)/B52 | D53: =C53+1 | E53: =LN(B53/B52)
A54: 43525 | B54: 9.210925 | C54: =(B54-B53)/B53 | D54: =C54+1 | E54: =LN(B54/B53)
A55: 43556 | B55: 9.767557 | C55: =(B55-B54)/B54 | D55: =C55+1 | E55: =LN(B55/B54)
A56: 43586 | B56: 9.78081 | C56: =(B56-B55)/B55 | D56: =C56+1 | E56: =LN(B56/B55)
A57: 43617 | B57: 9.840449 | C57: =(B57-B56)/B56 | D57: =C57+1 | E57: =LN(B57/B56)
... A100: 44927 | B100: 11.46 | C100: =(B100-B99)/B99 | D100: =C100+1 | E100: =LN(B100/B99)

Sheet CMIG4 Escenarios
A4: Mes | B4: Escenario 1 | C4: Escenario 2 | D4: Escenario 3 | E4: Escenario 4 | F4: Escenario 5
A5: 44958 | B5: =_xlfn.NORM.INV(RAND(),'CMIG4 Mensual'!$H$3,'CMIG4 Mensual'!$H$5) | C5: =_xlfn.NORM.INV(RAND(),'CMIG4 Mensual'!$H$3,'CMIG4 Mensual'!$H$5) | D5: =_xlfn.NORM.INV(RAND(),'CMIG4 Mensual'!$H$3,'CMIG4 Mensual'!$H$5) | E5: =_xlfn.NORM.INV(RAND(),'CMIG4 Mensual'!$H$3,'CMIG4 Mensual'!$H$5) | F5: =_xlfn.NORM.INV(RAND(),'CMIG4 Mensual'!$H$3,'CMIG4 Mensual'!$H$5)
A6: 44986 | B6: =_xlfn.NORM.INV(RAND(),'CMIG4 Mensual'!$H$3,'CMIG4 Mensual'!$H$5) | C6: =_xlfn.NORM.INV(RAND(),'CMIG4 Mensual'!$H$3,'CMIG4 Mensual'!$H$5) | D6: =_xlfn.NORM.INV(RAND(),'CMIG4 Mensual'!$H$3,'CMIG4 Mensual'!$H$5) | E6: =_xlfn.NORM.INV(RAND(),'CMIG4 Mensual'!$H$3,'CMIG4 Mensual'!$H$5) | F6: =_xlfn.NORM.INV(RAND(),'CMIG4 Mensual'!$H$3,'CMIG4 Mensual'!$H$5)
A7: 45017 | B7: =_xlfn.NORM.INV(RAND(),'CMIG4 Mensual'!$H$3,'CMIG4 Mensual'!$H$5) | C7: =_xlfn.NORM.INV(RAND(),'CMIG4 Mensual'!$H$3,'CMIG4 Mensual'!$H$5) | D7: =_xlfn.NORM.INV(RAND(),'CMIG4 Mensual'!$H$3,'CMIG4 Mensual'!$H$5) | E7: =_xlfn.NORM.INV(RAND(),'CMIG4 Mensual'!$H$3,'CMIG4 Mensual'!$H$5) | F7: =_xlfn.NORM.INV(RAND(),'CMIG4 Mensual'!$H$3,'CMIG4 Mensual'!$H$5)
A8: 45047 | B8: =_xlfn.NORM.INV(RAND(),'CMIG4 Mensual'!$H$3,'CMIG4 Mensual'!$H$5) | C8: =_xlfn.NORM.INV(RAND(),'CMIG4 Mensual'!$H$3,'CMIG4 Mensual'!$H$5) | D8: =_xlfn.NORM.INV(RAND(),'CMIG4 Mensual'!$H$3,'CMIG4 Mensual'!$H$5) | E8: =_xlfn.NORM.INV(RAND(),'CMIG4 Mensual'!$H$3,'CMIG4 Mensual'!$H$5) | F8: =_xlfn.NORM.INV(RAND(),'CMIG4 Mensual'!$H$3,'CMIG4 Mensual'!$H$5)
A9: 45078 | B9: =_xlfn.NORM.INV(RAND(),'CMIG4 Mensual'!$H$3,'CMIG4 Mensual'!$H$5) | C9: =_xlfn.NORM.INV(RAND(),'CMIG4 Mensual'!$H$3,'CMIG4 Mensual'!$H$5) | D9: =_xlfn.NORM.INV(RAND(),'CMIG4 Mensual'!$H$3,'CMIG4 Mensual'!$H$5) | E9: =_xlfn.NORM.INV(RAND(),'CMIG4 Mensual'!$H$3,'CMIG4 Mensual'!$H$5) | F9: =_xlfn.NORM.INV(RAND(),'CMIG4 Mensual'!$H$3,'CMIG4 Mensual'!$H$5)
A10: 45108 | B10: =_xlfn.NORM.INV(RAND(),'CMIG4 Mensual'!$H$3,'CMIG4 Mensual'!$H$5) | C10: =_xlfn.NORM.INV(RAND(),'CMIG4 Mensual'!$H$3,'CMIG4 Mensual'!$H$5) | D10: =_xlfn.NORM.INV(RAND(),'CMIG4 Mensual'!$H$3,'CMIG4 Mensual'!$H$5) | E10: =_xlfn.NORM.INV(RAND(),'CMIG4 Mensual'!$H$3,'CMIG4 Mensual'!$H$5) | F10: =_xlfn.NORM.INV(RAND(),'CMIG4 Mensual'!$H$3,'CMIG4 Mensual'!$H$5)
A11: 45139 | B11: =_xlfn.NORM.INV(RAND(),'CMIG4 Mensual'!$H$3,'CMIG4 Mensual'!$H$5) | C11: =_xlfn.NORM.INV(RAND(),'CMIG4 Mensual'!$H$3,'CMIG4 Mensual'!$H$5) | D11: =_xlfn.NORM.INV(RAND(),'CMIG4 Mensual'!$H$3,'CMIG4 Mensual'!$H$5) | E11: =_xlfn.NORM.INV(RAND(),'CMIG4 Mensual'!$H$3,'CMIG4 Mensual'!$H$5) | F11: =_xlfn.NORM.INV(RAND(),'CMIG4 Mensual'!$H$3,'CMIG4 Mensual'!$H$5)
A12: 45170 | B12: =_xlfn.NORM.INV(RAND(),'CMIG4 Mensual'!$H$3,'CMIG4 Mensual'!$H$5) | C12: =_xlfn.NORM.INV(RAND(),'CMIG4 Mensual'!$H$3,'CMIG4 Mensual'!$H$5) | D12: =_xlfn.NORM.INV(RAND(),'CMIG4 Mensual'!$H$3,'CMIG4 Mensual'!$H$5) | E12: =_xlfn.NORM.INV(RAND(),'CMIG4 Mensual'!$H$3,'CMIG4 Mensual'!$H$5) | F12: =_xlfn.NORM.INV(RAND(),'CMIG4 Mensual'!$H$3,'CMIG4 Mensual'!$H$5)
A13: 45200 | B13: =_xlfn.NORM.INV(RAND(),'CMIG4 Mensual'!$H$3,'CMIG4 Mensual'!$H$5) | C13: =_xlfn.NORM.INV(RAND(),'CMIG4 Mensual'!$H$3,'CMIG4 Mensual'!$H$5) | D13: =_xlfn.NORM.INV(RAND(),'CMIG4 Mensual'!$H$3,'CMIG4 Mensual'!$H$5) | E13: =_xlfn.NORM.INV(RAND(),'CMIG4 Mensual'!$H$3,'CMIG4 Mensual'!$H$5) | F13: =_xlfn.NORM.INV(RAND(),'CMIG4 Mensual'!$H$3,'CMIG4 Mensual'!$H$5)
A14: 45231 | B14: =_xlfn.NORM.INV(RAND(),'CMIG4 Mensual'!$H$3,'CMIG4 Mensual'!$H$5) | C14: =_xlfn.NORM.INV(RAND(),'CMIG4 Mensual'!$H$3,'CMIG4 Mensual'!$H$5) | D14: =_xlfn.NORM.INV(RAND(),'CMIG4 Mensual'!$H$3,'CMIG4 Mensual'!$H$5) | E14: =_xlfn.NORM.INV(RAND(),'CMIG4 Mensual'!$H$3,'CMIG4 Mensual'!$H$5) | F14: =_xlfn.NORM.INV(RAND(),'CMIG4 Mensual'!$H$3,'CMIG4 Mensual'!$H$5)
A15: 45261 | B15: =_xlfn.NORM.INV(RAND(),'CMIG4 Mensual'!$H$3,'CMIG4 Mensual'!$H$5) | C15: =_xlfn.NORM.INV(RAND(),'CMIG4 Mensual'!$H$3,'CMIG4 Mensual'!$H$5) | D15: =_xlfn.NORM.INV(RAND(),'CMIG4 Mensual'!$H$3,'CMIG4 Mensual'!$H$5) | E15: =_xlfn.NORM.INV(RAND(),'CMIG4 Mensual'!$H$3,'CMIG4 Mensual'!$H$5) | F15: =_xlfn.NORM.INV(RAND(),'CMIG4 Mensual'!$H$3,'CMIG4 Mensual'!$H$5)
A16: 45292 | B16: =_xlfn.NORM.INV(RAND(),'CMIG4 Mensual'!$H$3,'CMIG4 Mensual'!$H$5) | C16: =_xlfn.NORM.INV(RAND(),'CMIG4 Mensual'!$H$3,'CMIG4 Mensual'!$H$5) | D16: =_xlfn.NORM.INV(RAND(),'CMIG4 Mensual'!$H$3,'CMIG4 Mensual'!$H$5) | E16: =_xlfn.NORM.INV(RAND(),'CMIG4 Mensual'!$H$3,'CMIG4 Mensual'!$H$5) | F16: =_xlfn.NORM.INV(RAND(),'CMIG4 Mensual'!$H$3,'CMIG4 Mensual'!$H$5)
... A25: 45566 | B25: =_xlfn.NORM.INV(RAND(),'CMIG4 Mensual'!$H$3,'CMIG4 Mensual'!$H$5) | C25: =_xlfn.NORM.INV(RAND(),'CMIG4 Mensual'!$H$3,'CMIG4 Mensual'!$H$5) | D25: =_xlfn.NORM.INV(RAND(),'CMIG4 Mensual'!$H$3,'CMIG4 Mensual'!$H$5) | E25: =_xlfn.NORM.INV(RAND(),'CMIG4 Mensual'!$H$3,'CMIG4 Mensual'!$H$5) | F25: =_xlfn.NORM.INV(RAND(),'CMIG4 Mensual'!$H$3,'CMIG4 Mensual'!$H$5)
A26: 45597 | B26: =_xlfn.NORM.INV(RAND(),'CMIG4 Mensual'!$H$3,'CMIG4 Mensual'!$H$5) | C26: =_xlfn.NORM.INV(RAND(),'CMIG4 Mensual'!$H$3,'CMIG4 Mensual'!$H$5) | D26: =_xlfn.NORM.INV(RAND(),'CMIG4 Mensual'!$H$3,'CMIG4 Mensual'!$H$5) | E26: =_xlfn.NORM.INV(RAND(),'CMIG4 Mensual'!$H$3,'CMIG4 Mensual'!$H$5) | F26: =_xlfn.NORM.INV(RAND(),'CMIG4 Mensual'!$H$3,'CMIG4 Mensual'!$H$5) | H26: Se simularon 5 escenarios de retornos mensuales para 36 meses (feb-2023 a ene-2026). Cada retorno se sortea de forma independiente desde una Normal con media 1,17% y desviación estándar 12,56%, los parámetros históricos mensuales de CMIG4. Como todos parten de los mismos supuestos pero usan números aleatorios distintos, las trayectorias se separan, con meses de alzas fuertes y de caídas, sin un patrón que se repita. Esto refleja la hipótesis de paseo aleatorio: el retorno de un mes no depende del anterior y el pasado no permite predecir el futuro. El gráfico muestra el abanico de resultados posibles, no una predicción. Los valores cambian cada vez que Excel recalcula (F9), porque usan ALEATORIO().
A27: 45627 | B27: =_xlfn.NORM.INV(RAND(),'CMIG4 Mensual'!$H$3,'CMIG4 Mensual'!$H$5) | C27: =_xlfn.NORM.INV(RAND(),'CMIG4 Mensual'!$H$3,'CMIG4 Mensual'!$H$5) | D27: =_xlfn.NORM.INV(RAND(),'CMIG4 Mensual'!$H$3,'CMIG4 Mensual'!$H$5) | E27: =_xlfn.NORM.INV(RAND(),'CMIG4 Mensual'!$H$3,'CMIG4 Mensual'!$H$5) | F27: =_xlfn.NORM.INV(RAND(),'CMIG4 Mensual'!$H$3,'CMIG4 Mensual'!$H$5)
A28: 45658 | B28: =_xlfn.NORM.INV(RAND(),'CMIG4 Mensual'!$H$3,'CMIG4 Mensual'!$H$5) | C28: =_xlfn.NORM.INV(RAND(),'CMIG4 Mensual'!$H$3,'CMIG4 Mensual'!$H$5) | D28: =_xlfn.NORM.INV(RAND(),'CMIG4 Mensual'!$H$3,'CMIG4 Mensual'!$H$5) | E28: =_xlfn.NORM.INV(RAND(),'CMIG4 Mensual'!$H$3,'CMIG4 Mensual'!$H$5) | F28: =_xlfn.NORM.INV(RAND(),'CMIG4 Mensual'!$H$3,'CMIG4 Mensual'!$H$5)
A29: 45689 | B29: =_xlfn.NORM.INV(RAND(),'CMIG4 Mensual'!$H$3,'CMIG4 Mensual'!$H$5) | C29: =_xlfn.NORM.INV(RAND(),'CMIG4 Mensual'!$H$3,'CMIG4 Mensual'!$H$5) | D29: =_xlfn.NORM.INV(RAND(),'CMIG4 Mensual'!$H$3,'CMIG4 Mensual'!$H$5) | E29: =_xlfn.NORM.INV(RAND(),'CMIG4 Mensual'!$H$3,'CMIG4 Mensual'!$H$5) | F29: =_xlfn.NORM.INV(RAND(),'CMIG4 Mensual'!$H$3,'CMIG4 Mensual'!$H$5)
A30: 45717 | B30: =_xlfn.NORM.INV(RAND(),'CMIG4 Mensual'!$H$3,'CMIG4 Mensual'!$H$5) | C30: =_xlfn.NORM.INV(RAND(),'CMIG4 Mensual'!$H$3,'CMIG4 Mensual'!$H$5) | D30: =_xlfn.NORM.INV(RAND(),'CMIG4 Mensual'!$H$3,'CMIG4 Mensual'!$H$5) | E30: =_xlfn.NORM.INV(RAND(),'CMIG4 Mensual'!$H$3,'CMIG4 Mensual'!$H$5) | F30: =_xlfn.NORM.INV(RAND(),'CMIG4 Mensual'!$H$3,'CMIG4 Mensual'!$H$5)
A31: 45748 | B31: =_xlfn.NORM.INV(RAND(),'CMIG4 Mensual'!$H$3,'CMIG4 Mensual'!$H$5) | C31: =_xlfn.NORM.INV(RAND(),'CMIG4 Mensual'!$H$3,'CMIG4 Mensual'!$H$5) | D31: =_xlfn.NORM.INV(RAND(),'CMIG4 Mensual'!$H$3,'CMIG4 Mensual'!$H$5) | E31: =_xlfn.NORM.INV(RAND(),'CMIG4 Mensual'!$H$3,'CMIG4 Mensual'!$H$5) | F31: =_xlfn.NORM.INV(RAND(),'CMIG4 Mensual'!$H$3,'CMIG4 Mensual'!$H$5)
A32: 45778 | B32: =_xlfn.NORM.INV(RAND(),'CMIG4 Mensual'!$H$3,'CMIG4 Mensual'!$H$5) | C32: =_xlfn.NORM.INV(RAND(),'CMIG4 Mensual'!$H$3,'CMIG4 Mensual'!$H$5) | D32: =_xlfn.NORM.INV(RAND(),'CMIG4 Mensual'!$H$3,'CMIG4 Mensual'!$H$5) | E32: =_xlfn.NORM.INV(RAND(),'CMIG4 Mensual'!$H$3,'CMIG4 Mensual'!$H$5) | F32: =_xlfn.NORM.INV(RAND(),'CMIG4 Mensual'!$H$3,'CMIG4 Mensual'!$H$5)
A33: 45809 | B33: =_xlfn.NORM.INV(RAND(),'CMIG4 Mensual'!$H$3,'CMIG4 Mensual'!$H$5) | C33: =_xlfn.NORM.INV(RAND(),'CMIG4 Mensual'!$H$3,'CMIG4 Mensual'!$H$5) | D33: =_xlfn.NORM.INV(RAND(),'CMIG4 Mensual'!$H$3,'CMIG4 Mensual'!$H$5) | E33: =_xlfn.NORM.INV(RAND(),'CMIG4 Mensual'!$H$3,'CMIG4 Mensual'!$H$5) | F33: =_xlfn.NORM.INV(RAND(),'CMIG4 Mensual'!$H$3,'CMIG4 Mensual'!$H$5)
A34: 45839 | B34: =_xlfn.NORM.INV(RAND(),'CMIG4 Mensual'!$H$3,'CMIG4 Mensual'!$H$5) | C34: =_xlfn.NORM.INV(RAND(),'CMIG4 Mensual'!$H$3,'CMIG4 Mensual'!$H$5) | D34: =_xlfn.NORM.INV(RAND(),'CMIG4 Mensual'!$H$3,'CMIG4 Mensual'!$H$5) | E34: =_xlfn.NORM.INV(RAND(),'CMIG4 Mensual'!$H$3,'CMIG4 Mensual'!$H$5) | F34: =_xlfn.NORM.INV(RAND(),'CMIG4 Mensual'!$H$3,'CMIG4 Mensual'!$H$5)
A35: 45870 | B35: =_xlfn.NORM.INV(RAND(),'CMIG4 Mensual'!$H$3,'CMIG4 Mensual'!$H$5) | C35: =_xlfn.NORM.INV(RAND(),'CMIG4 Mensual'!$H$3,'CMIG4 Mensual'!$H$5) | D35: =_xlfn.NORM.INV(RAND(),'CMIG4 Mensual'!$H$3,'CMIG4 Mensual'!$H$5) | E35: =_xlfn.NORM.INV(RAND(),'CMIG4 Mensual'!$H$3,'CMIG4 Mensual'!$H$5) | F35: =_xlfn.NORM.INV(RAND(),'CMIG4 Mensual'!$H$3,'CMIG4 Mensual'!$H$5)
A36: 45901 | B36: =_xlfn.NORM.INV(RAND(),'CMIG4 Mensual'!$H$3,'CMIG4 Mensual'!$H$5) | C36: =_xlfn.NORM.INV(RAND(),'CMIG4 Mensual'!$H$3,'CMIG4 Mensual'!$H$5) | D36: =_xlfn.NORM.INV(RAND(),'CMIG4 Mensual'!$H$3,'CMIG4 Mensual'!$H$5) | E36: =_xlfn.NORM.INV(RAND(),'CMIG4 Mensual'!$H$3,'CMIG4 Mensual'!$H$5) | F36: =_xlfn.NORM.INV(RAND(),'CMIG4 Mensual'!$H$3,'CMIG4 Mensual'!$H$5)
A37: 45931 | B37: =_xlfn.NORM.INV(RAND(),'CMIG4 Mensual'!$H$3,'CMIG4 Mensual'!$H$5) | C37: =_xlfn.NORM.INV(RAND(),'CMIG4 Mensual'!$H$3,'CMIG4 Mensual'!$H$5) | D37: =_xlfn.NORM.INV(RAND(),'CMIG4 Mensual'!$H$3,'CMIG4 Mensual'!$H$5) | E37: =_xlfn.NORM.INV(RAND(),'CMIG4 Mensual'!$H$3,'CMIG4 Mensual'!$H$5) | F37: =_xlfn.NORM.INV(RAND(),'CMIG4 Mensual'!$H$3,'CMIG4 Mensual'!$H$5)
A38: 45962 | B38: =_xlfn.NORM.INV(RAND(),'CMIG4 Mensual'!$H$3,'CMIG4 Mensual'!$H$5) | C38: =_xlfn.NORM.INV(RAND(),'CMIG4 Mensual'!$H$3,'CMIG4 Mensual'!$H$5) | D38: =_xlfn.NORM.INV(RAND(),'CMIG4 Mensual'!$H$3,'CMIG4 Mensual'!$H$5) | E38: =_xlfn.NORM.INV(RAND(),'CMIG4 Mensual'!$H$3,'CMIG4 Mensual'!$H$5) | F38: =_xlfn.NORM.INV(RAND(),'CMIG4 Mensual'!$H$3,'CMIG4 Mensual'!$H$5)
... A40: 46023 | B40: =_xlfn.NORM.INV(RAND(),'CMIG4 Mensual'!$H$3,'CMIG4 Mensual'!$H$5) | C40: =_xlfn.NORM.INV(RAND(),'CMIG4 Mensual'!$H$3,'CMIG4 Mensual'!$H$5) | D40: =_xlfn.NORM.INV(RAND(),'CMIG4 Mensual'!$H$3,'CMIG4 Mensual'!$H$5) | E40: =_xlfn.NORM.INV(RAND(),'CMIG4 Mensual'!$H$3,'CMIG4 Mensual'!$H$5) | F40: =_xlfn.NORM.INV(RAND(),'CMIG4 Mensual'!$H$3,'CMIG4 Mensual'!$H$5)

Sheet CMIG4 Anual
C2: Retorno real | D2: Retorno real ln | G2: Retornos anuales 2015-2022 (8 años; 2015 con 11 meses y 2023 excluido por estar incompleto). Retorno esperado anual: 11,40% en base simple y 4,70% en base ln. Riesgo anual: desviación estándar de 42,44% (simple) y 37,70% (ln), con varianzas de 0,1801 y 0,1421. Hubo años de +101,7% (2018) y de −48,5% (2015). Error estándar: 15,00% (simple) y 13,33% (ln), alto porque el promedio se estima con solo 8 años. Intervalo de confianza al 95%: de −18,01% a 40,81% (simple) y de −21,42% a 30,82% (ln). Como incluye el 0, no se puede afirmar con 95% de confianza que el retorno esperado anual de CMIG4 sea positivo. Con 8 observaciones, usar la t de Student (2,36) en vez de 1,96 daría un intervalo aún más ancho. Además, la desviación estándar mensual × √12 ≈ 43,5% es cercana a la anual (42,4%), coherente con retornos independientes.
B3: 2015 | C3: =PRODUCT('CMIG4 Mensual'!D5:D15)-1 | D3: =SUM('CMIG4 Mensual'!E5:E15)
B4: 2016 | C4: =PRODUCT('CMIG4 Mensual'!D16:D27)-1 | D4: =SUM('CMIG4 Mensual'!E16:E27)
B5: 2017 | C5: =PRODUCT('CMIG4 Mensual'!D28:D39)-1 | D5: =SUM('CMIG4 Mensual'!E28:E39)
B6: 2018 | C6: =PRODUCT('CMIG4 Mensual'!D40:D51)-1 | D6: =SUM('CMIG4 Mensual'!E40:E51)
B7: 2019 | C7: =PRODUCT('CMIG4 Mensual'!D52:D63)-1 | D7: =SUM('CMIG4 Mensual'!E52:E63)
B8: 2020 | C8: =PRODUCT('CMIG4 Mensual'!D64:D75)-1 | D8: =SUM('CMIG4 Mensual'!E64:E75)
B9: 2021 | C9: =PRODUCT('CMIG4 Mensual'!D76:D87)-1 | D9: =SUM('CMIG4 Mensual'!E76:E87)
B10: 2022 | C10: =PRODUCT('CMIG4 Mensual'!D88:D99)-1 | D10: =SUM('CMIG4 Mensual'!E88:E99)
B11: 2023 | C11: =PRODUCT('CMIG4 Mensual'!D100:D100)-1 | D11: =SUM('CMIG4 Mensual'!E100:E100) | E11: Excluido: solo 1 mes
B13: Retorno esperado | C13: =AVERAGE(C3:C10) | D13: =AVERAGE(D3:D10)
B14: VAR | C14: =_xlfn.VAR.S(C3:C10) | D14: =_xlfn.VAR.S(D3:D10)
B15: SD | C15: =SQRT(C14) | D15: =SQRT(D14)
B17: Error estándar | C17: =C15/SQRT(COUNT(C3:C10)) | D17: =D15/SQRT(COUNT(D3:D10))
B19: Intervalo de confianza (95%) | C19: =C13+(1.96*C17) | D19: =D13+(1.96*D17)
C20: =C13-(1.96*C17) | D20: =D13-(1.96*D17)

Sheet OIBR4 Mensual
A1: Indicadores bursátiles — OIBR4
H2: Simple | I2: LN
A3: Periodo | B3: Precio OIBR4 (BRL) | C3: Retorno simple | D3: Retorno +1 | E3: Retorno LN | G3: Retorno promedio mensual | H3: =AVERAGE(C5:C100) | I3: =AVERAGE(E5:E100) | K3: Resultados mensuales (feb-2015 a ene-2023, 96 meses; precios en reales). El retorno esperado mensual de OIBR4 (Oi) es −0,38% en base simple y −2,36% en base ln. El riesgo mensual, medido con la desviación estándar, es 21,56% en base simple (varianza 0,04649) y 19,47% en base ln (varianza 0,03789). Un mes típico se aleja unos 21,6 puntos del promedio, por lo que la mayoría de los meses queda entre −21,9% y +21,2%. Las dos bases difieren mucho. La media ln (−2,36%) refleja mejor lo que pasó con el precio, que cayó de R$ 50,10 a R$ 5,20 (−89,6% en el período). Con esta volatilidad, la media simple sobrestima el crecimiento real. Paseo aleatorio: se proyectan 36 meses desde ene-2023 (R$ 5,20), sorteando cada retorno con una Normal de media −0,38% y desviación estándar 21,56%. Es una trayectoria posible entre muchas, no un pronóstico.
A4: 42005 | B4: 50.099998 | G4: Var | H4: =_xlfn.VAR.S(C5:C100) | I4: =_xlfn.VAR.S(E5:E100)
A5: 42036 | B5: 59.5 | C5: =(B5-B4)/B4 | D5: =C5+1 | E5: =LN(B5/B4) | G5: SD | H5: =SQRT(H4) | I5: =SQRT(I4)
A6: 42064 | B6: 51.099998 | C6: =(B6-B5)/B5 | D6: =C6+1 | E6: =LN(B6/B5)
A7: 42095 | B7: 56.700001 | C7: =(B7-B6)/B6 | D7: =C7+1 | E7: =LN(B7/B6)
A8: 42125 | B8: 70.800003 | C8: =(B8-B7)/B7 | D8: =C8+1 | E8: =LN(B8/B7) | G8: Paseo aleatorio
A9: 42156 | B9: 58.799999 | C9: =(B9-B8)/B8 | D9: =C9+1 | E9: =LN(B9/B8) | G9: Mes | H9: Precio simulado | I9: Retorno simulado
A10: 42186 | B10: 48.299999 | C10: =(B10-B9)/B9 | D10: =C10+1 | E10: =LN(B10/B9) | G10: 44958 | H10: =B100*EXP(I10) | I10: =_xlfn.NORM.INV(RAND(),$H$3,$H$5)
A11: 42217 | B11: 27.200001 | C11: =(B11-B10)/B10 | D11: =C11+1 | E11: =LN(B11/B10) | G11: 44986 | H11: =H10*EXP(I11) | I11: =_xlfn.NORM.INV(RAND(),$H$3,$H$5)
A12: 42248 | B12: 27.9 | C12: =(B12-B11)/B11 | D12: =C12+1 | E12: =LN(B12/B11) | G12: 45017 | H12: =H11*EXP(I12) | I12: =_xlfn.NORM.INV(RAND(),$H$3,$H$5)
A13: 42278 | B13: 21.200001 | C13: =(B13-B12)/B12 | D13: =C13+1 | E13: =LN(B13/B12) | G13: 45047 | H13: =H12*EXP(I13) | I13: =_xlfn.NORM.INV(RAND(),$H$3,$H$5)
A14: 42309 | B14: 17.6 | C14: =(B14-B13)/B13 | D14: =C14+1 | E14: =LN(B14/B13) | G14: 45078 | H14: =H13*EXP(I14) | I14: =_xlfn.NORM.INV(RAND(),$H$3,$H$5)
A15: 42339 | B15: 19.5 | C15: =(B15-B14)/B14 | D15: =C15+1 | E15: =LN(B15/B14) | G15: 45108 | H15: =H14*EXP(I15) | I15: =_xlfn.NORM.INV(RAND(),$H$3,$H$5)
A16: 42370 | B16: 16.5 | C16: =(B16-B15)/B15 | D16: =C16+1 | E16: =LN(B16/B15) | G16: 45139 | H16: =H15*EXP(I16) | I16: =_xlfn.NORM.INV(RAND(),$H$3,$H$5)
A17: 42401 | B17: 12.1 | C17: =(B17-B16)/B16 | D17: =C17+1 | E17: =LN(B17/B16) | G17: 45170 | H17: =H16*EXP(I17) | I17: =_xlfn.NORM.INV(RAND(),$H$3,$H$5)
A18: 42430 | B18: 11.6 | C18: =(B18-B17)/B17 | D18: =C18+1 | E18: =LN(B18/B17) | G18: 45200 | H18: =H17*EXP(I18) | I18: =_xlfn.NORM.INV(RAND(),$H$3,$H$5)
A19: 42461 | B19: 10.2 | C19: =(B19-B18)/B18 | D19: =C19+1 | E19: =LN(B19/B18) | G19: 45231 | H19: =H18*EXP(I19) | I19: =_xlfn.NORM.INV(RAND(),$H$3,$H$5)
A20: 42491 | B20: 9.1 | C20: =(B20-B19)/B19 | D20: =C20+1 | E20: =LN(B20/B19) | G20: 45261 | H20: =H19*EXP(I20) | I20: =_xlfn.NORM.INV(RAND(),$H$3,$H$5)
A21: 42522 | B21: 13.2 | C21: =(B21-B20)/B20 | D21: =C21+1 | E21: =LN(B21/B20) | G21: 45292 | H21: =H20*EXP(I21) | I21: =_xlfn.NORM.INV(RAND(),$H$3,$H$5)
A22: 42552 | B22: 24.799999 | C22: =(B22-B21)/B21 | D22: =C22+1 | E22: =LN(B22/B21) | G22: 45323 | H22: =H21*EXP(I22) | I22: =_xlfn.NORM.INV(RAND(),$H$3,$H$5)
... A45: 43252 | B45: 28.9 | C45: =(B45-B44)/B44 | D45: =C45+1 | E45: =LN(B45/B44) | G45: 46023 | H45: =H44*EXP(I45) | I45: =_xlfn.NORM.INV(RAND(),$H$3,$H$5)
A46: 43282 | B46: 27.5 | C46: =(B46-B45)/B45 | D46: =C46+1 | E46: =LN(B46/B45)
A47: 43313 | B47: 25.6 | C47: =(B47-B46)/B46 | D47: =C47+1 | E47: =LN(B47/B46)
A48: 43344 | B48: 20.1 | C48: =(B48-B47)/B47 | D48: =C48+1 | E48: =LN(B48/B47)
A49: 43374 | B49: 24.1 | C49: =(B49-B48)/B48 | D49: =C49+1 | E49: =LN(B49/B48)
A50: 43405 | B50: 14.6 | C50: =(B50-B49)/B49 | D50: =C50+1 | E50: =LN(B50/B49)
A51: 43435 | B51: 12.6 | C51: =(B51-B50)/B50 | D51: =C51+1 | E51: =LN(B51/B50)
A52: 43466 | B52: 13.4 | C52: =(B52-B51)/B51 | D52: =C52+1 | E52: =LN(B52/B51)
A53: 43497 | B53: 18 | C53: =(B53-B52)/B52 | D53: =C53+1 | E53: =LN(B53/B52)
A54: 43525 | B54: 15.1 | C54: =(B54-B53)/B53 | D54: =C54+1 | E54: =LN(B54/B53)
A55: 43556 | B55: 16.799999 | C55: =(B55-B54)/B54 | D55: =C55+1 | E55: =LN(B55/B54)
A56: 43586 | B56: 16 | C56: =(B56-B55)/B55 | D56: =C56+1 | E56: =LN(B56/B55)
A57: 43617 | B57: 16.5 | C57: =(B57-B56)/B56 | D57: =C57+1 | E57: =LN(B57/B56)
... A100: 44927 | B100: 5.2 | C100: =(B100-B99)/B99 | D100: =C100+1 | E100: =LN(B100/B99)

Sheet OIBR4 Escenarios
A4: Mes | B4: Escenario 1 | C4: Escenario 2 | D4: Escenario 3 | E4: Escenario 4 | F4: Escenario 5
A5: 44958 | B5: =_xlfn.NORM.INV(RAND(),'OIBR4 Mensual'!$H$3,'OIBR4 Mensual'!$H$5) | C5: =_xlfn.NORM.INV(RAND(),'OIBR4 Mensual'!$H$3,'OIBR4 Mensual'!$H$5) | D5: =_xlfn.NORM.INV(RAND(),'OIBR4 Mensual'!$H$3,'OIBR4 Mensual'!$H$5) | E5: =_xlfn.NORM.INV(RAND(),'OIBR4 Mensual'!$H$3,'OIBR4 Mensual'!$H$5) | F5: =_xlfn.NORM.INV(RAND(),'OIBR4 Mensual'!$H$3,'OIBR4 Mensual'!$H$5)
A6: 44986 | B6: =_xlfn.NORM.INV(RAND(),'OIBR4 Mensual'!$H$3,'OIBR4 Mensual'!$H$5) | C6: =_xlfn.NORM.INV(RAND(),'OIBR4 Mensual'!$H$3,'OIBR4 Mensual'!$H$5) | D6: =_xlfn.NORM.INV(RAND(),'OIBR4 Mensual'!$H$3,'OIBR4 Mensual'!$H$5) | E6: =_xlfn.NORM.INV(RAND(),'OIBR4 Mensual'!$H$3,'OIBR4 Mensual'!$H$5) | F6: =_xlfn.NORM.INV(RAND(),'OIBR4 Mensual'!$H$3,'OIBR4 Mensual'!$H$5)
A7: 45017 | B7: =_xlfn.NORM.INV(RAND(),'OIBR4 Mensual'!$H$3,'OIBR4 Mensual'!$H$5) | C7: =_xlfn.NORM.INV(RAND(),'OIBR4 Mensual'!$H$3,'OIBR4 Mensual'!$H$5) | D7: =_xlfn.NORM.INV(RAND(),'OIBR4 Mensual'!$H$3,'OIBR4 Mensual'!$H$5) | E7: =_xlfn.NORM.INV(RAND(),'OIBR4 Mensual'!$H$3,'OIBR4 Mensual'!$H$5) | F7: =_xlfn.NORM.INV(RAND(),'OIBR4 Mensual'!$H$3,'OIBR4 Mensual'!$H$5)
A8: 45047 | B8: =_xlfn.NORM.INV(RAND(),'OIBR4 Mensual'!$H$3,'OIBR4 Mensual'!$H$5) | C8: =_xlfn.NORM.INV(RAND(),'OIBR4 Mensual'!$H$3,'OIBR4 Mensual'!$H$5) | D8: =_xlfn.NORM.INV(RAND(),'OIBR4 Mensual'!$H$3,'OIBR4 Mensual'!$H$5) | E8: =_xlfn.NORM.INV(RAND(),'OIBR4 Mensual'!$H$3,'OIBR4 Mensual'!$H$5) | F8: =_xlfn.NORM.INV(RAND(),'OIBR4 Mensual'!$H$3,'OIBR4 Mensual'!$H$5)
A9: 45078 | B9: =_xlfn.NORM.INV(RAND(),'OIBR4 Mensual'!$H$3,'OIBR4 Mensual'!$H$5) | C9: =_xlfn.NORM.INV(RAND(),'OIBR4 Mensual'!$H$3,'OIBR4 Mensual'!$H$5) | D9: =_xlfn.NORM.INV(RAND(),'OIBR4 Mensual'!$H$3,'OIBR4 Mensual'!$H$5) | E9: =_xlfn.NORM.INV(RAND(),'OIBR4 Mensual'!$H$3,'OIBR4 Mensual'!$H$5) | F9: =_xlfn.NORM.INV(RAND(),'OIBR4 Mensual'!$H$3,'OIBR4 Mensual'!$H$5)
A10: 45108 | B10: =_xlfn.NORM.INV(RAND(),'OIBR4 Mensual'!$H$3,'OIBR4 Mensual'!$H$5) | C10: =_xlfn.NORM.INV(RAND(),'OIBR4 Mensual'!$H$3,'OIBR4 Mensual'!$H$5) | D10: =_xlfn.NORM.INV(RAND(),'OIBR4 Mensual'!$H$3,'OIBR4 Mensual'!$H$5) | E10: =_xlfn.NORM.INV(RAND(),'OIBR4 Mensual'!$H$3,'OIBR4 Mensual'!$H$5) | F10: =_xlfn.NORM.INV(RAND(),'OIBR4 Mensual'!$H$3,'OIBR4 Mensual'!$H$5)
A11: 45139 | B11: =_xlfn.NORM.INV(RAND(),'OIBR4 Mensual'!$H$3,'OIBR4 Mensual'!$H$5) | C11: =_xlfn.NORM.INV(RAND(),'OIBR4 Mensual'!$H$3,'OIBR4 Mensual'!$H$5) | D11: =_xlfn.NORM.INV(RAND(),'OIBR4 Mensual'!$H$3,'OIBR4 Mensual'!$H$5) | E11: =_xlfn.NORM.INV(RAND(),'OIBR4 Mensual'!$H$3,'OIBR4 Mensual'!$H$5) | F11: =_xlfn.NORM.INV(RAND(),'OIBR4 Mensual'!$H$3,'OIBR4 Mensual'!$H$5)
A12: 45170 | B12: =_xlfn.NORM.INV(RAND(),'OIBR4 Mensual'!$H$3,'OIBR4 Mensual'!$H$5) | C12: =_xlfn.NORM.INV(RAND(),'OIBR4 Mensual'!$H$3,'OIBR4 Mensual'!$H$5) | D12: =_xlfn.NORM.INV(RAND(),'OIBR4 Mensual'!$H$3,'OIBR4 Mensual'!$H$5) | E12: =_xlfn.NORM.INV(RAND(),'OIBR4 Mensual'!$H$3,'OIBR4 Mensual'!$H$5) | F12: =_xlfn.NORM.INV(RAND(),'OIBR4 Mensual'!$H$3,'OIBR4 Mensual'!$H$5)
A13: 45200 | B13: =_xlfn.NORM.INV(RAND(),'OIBR4 Mensual'!$H$3,'OIBR4 Mensual'!$H$5) | C13: =_xlfn.NORM.INV(RAND(),'OIBR4 Mensual'!$H$3,'OIBR4 Mensual'!$H$5) | D13: =_xlfn.NORM.INV(RAND(),'OIBR4 Mensual'!$H$3,'OIBR4 Mensual'!$H$5) | E13: =_xlfn.NORM.INV(RAND(),'OIBR4 Mensual'!$H$3,'OIBR4 Mensual'!$H$5) | F13: =_xlfn.NORM.INV(RAND(),'OIBR4 Mensual'!$H$3,'OIBR4 Mensual'!$H$5)
A14: 45231 | B14: =_xlfn.NORM.INV(RAND(),'OIBR4 Mensual'!$H$3,'OIBR4 Mensual'!$H$5) | C14: =_xlfn.NORM.INV(RAND(),'OIBR4 Mensual'!$H$3,'OIBR4 Mensual'!$H$5) | D14: =_xlfn.NORM.INV(RAND(),'OIBR4 Mensual'!$H$3,'OIBR4 Mensual'!$H$5) | E14: =_xlfn.NORM.INV(RAND(),'OIBR4 Mensual'!$H$3,'OIBR4 Mensual'!$H$5) | F14: =_xlfn.NORM.INV(RAND(),'OIBR4 Mensual'!$H$3,'OIBR4 Mensual'!$H$5)
A15: 45261 | B15: =_xlfn.NORM.INV(RAND(),'OIBR4 Mensual'!$H$3,'OIBR4 Mensual'!$H$5) | C15: =_xlfn.NORM.INV(RAND(),'OIBR4 Mensual'!$H$3,'OIBR4 Mensual'!$H$5) | D15: =_xlfn.NORM.INV(RAND(),'OIBR4 Mensual'!$H$3,'OIBR4 Mensual'!$H$5) | E15: =_xlfn.NORM.INV(RAND(),'OIBR4 Mensual'!$H$3,'OIBR4 Mensual'!$H$5) | F15: =_xlfn.NORM.INV(RAND(),'OIBR4 Mensual'!$H$3,'OIBR4 Mensual'!$H$5)
A16: 45292 | B16: =_xlfn.NORM.INV(RAND(),'OIBR4 Mensual'!$H$3,'OIBR4 Mensual'!$H$5) | C16: =_xlfn.NORM.INV(RAND(),'OIBR4 Mensual'!$H$3,'OIBR4 Mensual'!$H$5) | D16: =_xlfn.NORM.INV(RAND(),'OIBR4 Mensual'!$H$3,'OIBR4 Mensual'!$H$5) | E16: =_xlfn.NORM.INV(RAND(),'OIBR4 Mensual'!$H$3,'OIBR4 Mensual'!$H$5) | F16: =_xlfn.NORM.INV(RAND(),'OIBR4 Mensual'!$H$3,'OIBR4 Mensual'!$H$5)
... A25: 45566 | B25: =_xlfn.NORM.INV(RAND(),'OIBR4 Mensual'!$H$3,'OIBR4 Mensual'!$H$5) | C25: =_xlfn.NORM.INV(RAND(),'OIBR4 Mensual'!$H$3,'OIBR4 Mensual'!$H$5) | D25: =_xlfn.NORM.INV(RAND(),'OIBR4 Mensual'!$H$3,'OIBR4 Mensual'!$H$5) | E25: =_xlfn.NORM.INV(RAND(),'OIBR4 Mensual'!$H$3,'OIBR4 Mensual'!$H$5) | F25: =_xlfn.NORM.INV(RAND(),'OIBR4 Mensual'!$H$3,'OIBR4 Mensual'!$H$5)
A26: 45597 | B26: =_xlfn.NORM.INV(RAND(),'OIBR4 Mensual'!$H$3,'OIBR4 Mensual'!$H$5) | C26: =_xlfn.NORM.INV(RAND(),'OIBR4 Mensual'!$H$3,'OIBR4 Mensual'!$H$5) | D26: =_xlfn.NORM.INV(RAND(),'OIBR4 Mensual'!$H$3,'OIBR4 Mensual'!$H$5) | E26: =_xlfn.NORM.INV(RAND(),'OIBR4 Mensual'!$H$3,'OIBR4 Mensual'!$H$5) | F26: =_xlfn.NORM.INV(RAND(),'OIBR4 Mensual'!$H$3,'OIBR4 Mensual'!$H$5) | H26: Se simularon 5 escenarios de retornos mensuales para 36 meses (feb-2023 a ene-2026). Cada retorno se sortea de forma independiente desde una Normal con media −0,38% y desviación estándar 21,56%, los parámetros históricos mensuales de OIBR4. Como todos parten de los mismos supuestos pero usan números aleatorios distintos, las trayectorias se separan, con meses de alzas fuertes y de caídas, sin un patrón que se repita. Esto refleja la hipótesis de paseo aleatorio: el retorno de un mes no depende del anterior y el pasado no permite predecir el futuro. El gráfico muestra el abanico de resultados posibles, no una predicción. Los valores cambian cada vez que Excel recalcula (F9), porque usan ALEATORIO().
A27: 45627 | B27: =_xlfn.NORM.INV(RAND(),'OIBR4 Mensual'!$H$3,'OIBR4 Mensual'!$H$5) | C27: =_xlfn.NORM.INV(RAND(),'OIBR4 Mensual'!$H$3,'OIBR4 Mensual'!$H$5) | D27: =_xlfn.NORM.INV(RAND(),'OIBR4 Mensual'!$H$3,'OIBR4 Mensual'!$H$5) | E27: =_xlfn.NORM.INV(RAND(),'OIBR4 Mensual'!$H$3,'OIBR4 Mensual'!$H$5) | F27: =_xlfn.NORM.INV(RAND(),'OIBR4 Mensual'!$H$3,'OIBR4 Mensual'!$H$5)
A28: 45658 | B28: =_xlfn.NORM.INV(RAND(),'OIBR4 Mensual'!$H$3,'OIBR4 Mensual'!$H$5) | C28: =_xlfn.NORM.INV(RAND(),'OIBR4 Mensual'!$H$3,'OIBR4 Mensual'!$H$5) | D28: =_xlfn.NORM.INV(RAND(),'OIBR4 Mensual'!$H$3,'OIBR4 Mensual'!$H$5) | E28: =_xlfn.NORM.INV(RAND(),'OIBR4 Mensual'!$H$3,'OIBR4 Mensual'!$H$5) | F28: =_xlfn.NORM.INV(RAND(),'OIBR4 Mensual'!$H$3,'OIBR4 Mensual'!$H$5)
A29: 45689 | B29: =_xlfn.NORM.INV(RAND(),'OIBR4 Mensual'!$H$3,'OIBR4 Mensual'!$H$5) | C29: =_xlfn.NORM.INV(RAND(),'OIBR4 Mensual'!$H$3,'OIBR4 Mensual'!$H$5) | D29: =_xlfn.NORM.INV(RAND(),'OIBR4 Mensual'!$H$3,'OIBR4 Mensual'!$H$5) | E29: =_xlfn.NORM.INV(RAND(),'OIBR4 Mensual'!$H$3,'OIBR4 Mensual'!$H$5) | F29: =_xlfn.NORM.INV(RAND(),'OIBR4 Mensual'!$H$3,'OIBR4 Mensual'!$H$5)
A30: 45717 | B30: =_xlfn.NORM.INV(RAND(),'OIBR4 Mensual'!$H$3,'OIBR4 Mensual'!$H$5) | C30: =_xlfn.NORM.INV(RAND(),'OIBR4 Mensual'!$H$3,'OIBR4 Mensual'!$H$5) | D30: =_xlfn.NORM.INV(RAND(),'OIBR4 Mensual'!$H$3,'OIBR4 Mensual'!$H$5) | E30: =_xlfn.NORM.INV(RAND(),'OIBR4 Mensual'!$H$3,'OIBR4 Mensual'!$H$5) | F30: =_xlfn.NORM.INV(RAND(),'OIBR4 Mensual'!$H$3,'OIBR4 Mensual'!$H$5)
A31: 45748 | B31: =_xlfn.NORM.INV(RAND(),'OIBR4 Mensual'!$H$3,'OIBR4 Mensual'!$H$5) | C31: =_xlfn.NORM.INV(RAND(),'OIBR4 Mensual'!$H$3,'OIBR4 Mensual'!$H$5) | D31: =_xlfn.NORM.INV(RAND(),'OIBR4 Mensual'!$H$3,'OIBR4 Mensual'!$H$5) | E31: =_xlfn.NORM.INV(RAND(),'OIBR4 Mensual'!$H$3,'OIBR4 Mensual'!$H$5) | F31: =_xlfn.NORM.INV(RAND(),'OIBR4 Mensual'!$H$3,'OIBR4 Mensual'!$H$5)
A32: 45778 | B32: =_xlfn.NORM.INV(RAND(),'OIBR4 Mensual'!$H$3,'OIBR4 Mensual'!$H$5) | C32: =_xlfn.NORM.INV(RAND(),'OIBR4 Mensual'!$H$3,'OIBR4 Mensual'!$H$5) | D32: =_xlfn.NORM.INV(RAND(),'OIBR4 Mensual'!$H$3,'OIBR4 Mensual'!$H$5) | E32: =_xlfn.NORM.INV(RAND(),'OIBR4 Mensual'!$H$3,'OIBR4 Mensual'!$H$5) | F32: =_xlfn.NORM.INV(RAND(),'OIBR4 Mensual'!$H$3,'OIBR4 Mensual'!$H$5)
A33: 45809 | B33: =_xlfn.NORM.INV(RAND(),'OIBR4 Mensual'!$H$3,'OIBR4 Mensual'!$H$5) | C33: =_xlfn.NORM.INV(RAND(),'OIBR4 Mensual'!$H$3,'OIBR4 Mensual'!$H$5) | D33: =_xlfn.NORM.INV(RAND(),'OIBR4 Mensual'!$H$3,'OIBR4 Mensual'!$H$5) | E33: =_xlfn.NORM.INV(RAND(),'OIBR4 Mensual'!$H$3,'OIBR4 Mensual'!$H$5) | F33: =_xlfn.NORM.INV(RAND(),'OIBR4 Mensual'!$H$3,'OIBR4 Mensual'!$H$5)
A34: 45839 | B34: =_xlfn.NORM.INV(RAND(),'OIBR4 Mensual'!$H$3,'OIBR4 Mensual'!$H$5) | C34: =_xlfn.NORM.INV(RAND(),'OIBR4 Mensual'!$H$3,'OIBR4 Mensual'!$H$5) | D34: =_xlfn.NORM.INV(RAND(),'OIBR4 Mensual'!$H$3,'OIBR4 Mensual'!$H$5) | E34: =_xlfn.NORM.INV(RAND(),'OIBR4 Mensual'!$H$3,'OIBR4 Mensual'!$H$5) | F34: =_xlfn.NORM.INV(RAND(),'OIBR4 Mensual'!$H$3,'OIBR4 Mensual'!$H$5)
A35: 45870 | B35: =_xlfn.NORM.INV(RAND(),'OIBR4 Mensual'!$H$3,'OIBR4 Mensual'!$H$5) | C35: =_xlfn.NORM.INV(RAND(),'OIBR4 Mensual'!$H$3,'OIBR4 Mensual'!$H$5) | D35: =_xlfn.NORM.INV(RAND(),'OIBR4 Mensual'!$H$3,'OIBR4 Mensual'!$H$5) | E35: =_xlfn.NORM.INV(RAND(),'OIBR4 Mensual'!$H$3,'OIBR4 Mensual'!$H$5) | F35: =_xlfn.NORM.INV(RAND(),'OIBR4 Mensual'!$H$3,'OIBR4 Mensual'!$H$5)
A36: 45901 | B36: =_xlfn.NORM.INV(RAND(),'OIBR4 Mensual'!$H$3,'OIBR4 Mensual'!$H$5) | C36: =_xlfn.NORM.INV(RAND(),'OIBR4 Mensual'!$H$3,'OIBR4 Mensual'!$H$5) | D36: =_xlfn.NORM.INV(RAND(),'OIBR4 Mensual'!$H$3,'OIBR4 Mensual'!$H$5) | E36: =_xlfn.NORM.INV(RAND(),'OIBR4 Mensual'!$H$3,'OIBR4 Mensual'!$H$5) | F36: =_xlfn.NORM.INV(RAND(),'OIBR4 Mensual'!$H$3,'OIBR4 Mensual'!$H$5)
A37: 45931 | B37: =_xlfn.NORM.INV(RAND(),'OIBR4 Mensual'!$H$3,'OIBR4 Mensual'!$H$5) | C37: =_xlfn.NORM.INV(RAND(),'OIBR4 Mensual'!$H$3,'OIBR4 Mensual'!$H$5) | D37: =_xlfn.NORM.INV(RAND(),'OIBR4 Mensual'!$H$3,'OIBR4 Mensual'!$H$5) | E37: =_xlfn.NORM.INV(RAND(),'OIBR4 Mensual'!$H$3,'OIBR4 Mensual'!$H$5) | F37: =_xlfn.NORM.INV(RAND(),'OIBR4 Mensual'!$H$3,'OIBR4 Mensual'!$H$5)
A38: 45962 | B38: =_xlfn.NORM.INV(RAND(),'OIBR4 Mensual'!$H$3,'OIBR4 Mensual'!$H$5) | C38: =_xlfn.NORM.INV(RAND(),'OIBR4 Mensual'!$H$3,'OIBR4 Mensual'!$H$5) | D38: =_xlfn.NORM.INV(RAND(),'OIBR4 Mensual'!$H$3,'OIBR4 Mensual'!$H$5) | E38: =_xlfn.NORM.INV(RAND(),'OIBR4 Mensual'!$H$3,'OIBR4 Mensual'!$H$5) | F38: =_xlfn.NORM.INV(RAND(),'OIBR4 Mensual'!$H$3,'OIBR4 Mensual'!$H$5)
... A40: 46023 | B40: =_xlfn.NORM.INV(RAND(),'OIBR4 Mensual'!$H$3,'OIBR4 Mensual'!$H$5) | C40: =_xlfn.NORM.INV(RAND(),'OIBR4 Mensual'!$H$3,'OIBR4 Mensual'!$H$5) | D40: =_xlfn.NORM.INV(RAND(),'OIBR4 Mensual'!$H$3,'OIBR4 Mensual'!$H$5) | E40: =_xlfn.NORM.INV(RAND(),'OIBR4 Mensual'!$H$3,'OIBR4 Mensual'!$H$5) | F40: =_xlfn.NORM.INV(RAND(),'OIBR4 Mensual'!$H$3,'OIBR4 Mensual'!$H$5)

Sheet OIBR4 Anual
C2: Retorno real | D2: Retorno real ln | G2: Retornos anuales 2015-2022 (8 años; 2015 con 11 meses y 2023 excluido por estar incompleto). Retorno esperado anual: −5,38% en base simple y −28,56% en base ln. Riesgo anual: desviación estándar de 69,74% (simple) y 72,03% (ln), con varianzas de 0,4864 y 0,5189. Hubo años de +129,3% (2020) y de −63,7% (2018). Error estándar: 24,66% (simple) y 25,47% (ln), alto porque el promedio se estima con solo 8 años. Intervalo de confianza al 95%: de −53,71% a 42,95% (simple) y de −78,48% a 21,36% (ln). Como incluye el 0, no se puede afirmar con 95% de confianza que el retorno esperado anual de OIBR4 sea distinto de cero, aunque el precio haya caído 90% en el período. Con 8 observaciones, usar la t de Student (2,36) en vez de 1,96 daría un intervalo aún más ancho. Además, la desviación estándar mensual × √12 ≈ 74,7% es cercana a la anual (69,7%), coherente con retornos independientes.
B3: 2015 | C3: =PRODUCT('OIBR4 Mensual'!D5:D15)-1 | D3: =SUM('OIBR4 Mensual'!E5:E15)
B4: 2016 | C4: =PRODUCT('OIBR4 Mensual'!D16:D27)-1 | D4: =SUM('OIBR4 Mensual'!E16:E27)
B5: 2017 | C5: =PRODUCT('OIBR4 Mensual'!D28:D39)-1 | D5: =SUM('OIBR4 Mensual'!E28:E39)
B6: 2018 | C6: =PRODUCT('OIBR4 Mensual'!D40:D51)-1 | D6: =SUM('OIBR4 Mensual'!E40:E51)
B7: 2019 | C7: =PRODUCT('OIBR4 Mensual'!D52:D63)-1 | D7: =SUM('OIBR4 Mensual'!E52:E63)
B8: 2020 | C8: =PRODUCT('OIBR4 Mensual'!D64:D75)-1 | D8: =SUM('OIBR4 Mensual'!E64:E75)
B9: 2021 | C9: =PRODUCT('OIBR4 Mensual'!D76:D87)-1 | D9: =SUM('OIBR4 Mensual'!E76:E87)
B10: 2022 | C10: =PRODUCT('OIBR4 Mensual'!D88:D99)-1 | D10: =SUM('OIBR4 Mensual'!E88:E99)
B11: 2023 | C11: =PRODUCT('OIBR4 Mensual'!D100:D100)-1 | D11: =SUM('OIBR4 Mensual'!E100:E100) | E11: Excluido: solo 1 mes
B13: Retorno esperado | C13: =AVERAGE(C3:C10) | D13: =AVERAGE(D3:D10)
B14: VAR | C14: =_xlfn.VAR.S(C3:C10) | D14: =_xlfn.VAR.S(D3:D10)
B15: SD | C15: =SQRT(C14) | D15: =SQRT(D14)
B17: Error estándar | C17: =C15/SQRT(COUNT(C3:C10)) | D17: =D15/SQRT(COUNT(D3:D10))
B19: Intervalo de confianza (95%) | C19: =C13+(1.96*C17) | D19: =D13+(1.96*D17)
C20: =C13-(1.96*C17) | D20: =D13-(1.96*D17)
